id,prediction
1,0.1885000000
2,0.1903061910
3,0.1921197585
4,0.1939343296
5,0.1957427236
6,0.1975370305
7,0.1993087080
8,0.2010486950
9,0.2027475388
10,0.2043955360
11,0.2059828814
12,0.2074998249
13,0.2089368317
14,0.2102847432
15,0.2115349361
16,0.2126794752
17,0.2137112588
18,0.2146241515
19,0.2154131040
20,0.2160742560
21,0.2166050203
22,0.2170041470
23,0.2172717656
24,0.2174094040
25,0.2174199850
26,0.2173077989
27,0.2170784523
28,0.2167387960
29,0.2162968305
30,0.2056115927
31,0.2049930245
32,0.2043018270
33,0.2035493013
34,0.2027471798
35,0.2019074513
36,0.2010421818
37,0.2001633358
38,0.1992825998
39,0.1984112124
40,0.1975598036
41,0.1967382462
42,0.1959555212
43,0.1952196012
44,0.1945373523
45,0.1939144567
46,0.1933553573
47,0.1928632250
48,0.1924399490
49,0.1920861501
50,0.1918012168
51,0.1915833621
52,0.1914297017
53,0.1913363492
54,0.1912985290
55,0.1913107017
56,0.1913667025
57,0.1914598863
58,0.1915832798
59,0.1815797349
60,0.1817420820
61,0.1819132799
62,0.1820865583
63,0.1822555516
64,0.1824144206
65,0.1825579601
66,0.1826816900
67,0.1827819292
68,0.1828558499
69,0.1829015129
70,0.1829178817
71,0.1829048173
72,0.1828630522
73,0.1827941471
74,0.1827004280
75,0.1825849084
76,0.1824511975
77,0.1823033955
78,0.1821459801
79,0.1819836861
80,0.1818213809
81,0.1816639380
82,0.1815161136
83,0.1813824258
84,0.1812670422
85,0.1811736763
86,0.1811054962
87,0.1810650470
88,0.1709041887
89,0.1709240513
90,0.1709750078
91,0.1710566660
92,0.1711678788
93,0.1713067733
94,0.1714707979
95,0.1716567863
96,0.1718610372
97,0.1720794077
98,0.1723074186
99,0.1725403693
100,0.1727734597
101,0.1730019164
102,0.1732211201
103,0.1734267323
104,0.1736148178
105,0.1737819594
106,0.1739253646
107,0.1740429588
108,0.1741334656
109,0.1741964704
110,0.1742324661
111,0.1742428808
112,0.1742300846
113,0.1741973771
114,0.1741489547
115,0.1740898572
116,0.1740258965
117,0.1638135671
118,0.1637599403
119,0.1637225444
120,0.1637092331
121,0.1637280444
122,0.1637870521
123,0.1638942151
124,0.1640572240
125,0.1642833518
126,0.1645793079
127,0.1649511025
128,0.1654039197
129,0.1659420060
130,0.1665685738
131,0.1672857226
132,0.1680943809
133,0.1689942682
134,0.1699838787
135,0.1710604884
136,0.1722201832
137,0.1734579104
138,0.1747675504
139,0.1761420085
140,0.1775733254
141,0.1790528036
142,0.1805711474
143,0.1821186153
144,0.1836851798
145,0.1852606927
146,0.1766850539
147,0.1782483778
148,0.1797911563
149,0.1813044155
150,0.1827798603
151,0.1842100084
152,0.1855883071
153,0.1869092333
154,0.1881683741
155,0.1893624855
156,0.1904895304
157,0.1915486921
158,0.1925403664
159,0.1934661295
160,0.1943286852
161,0.1951317896
162,0.1958801573
163,0.1965793499
164,0.1972356486
165,0.1978559139
166,0.1984474361
167,0.1990177774
168,0.1995746103
169,0.2001255559
170,0.2006780228
171,0.2012390527
172,0.2018151734
173,0.2024122636
174,0.2030354307
175,0.1935389049
176,0.1942259513
177,0.1949488015
178,0.1957086053
179,0.1965054055
180,0.1973381325
181,0.1982046225
182,0.1991016563
183,0.2000250183
184,0.2009695747
185,0.2019293693
186,0.2028977346
187,0.2038674151
188,0.2048307022
189,0.2057795759
190,0.2067058517
191,0.2076013287
192,0.2084579372
193,0.2092678819
194,0.2100237775
195,0.2107187760
196,0.2113466805
197,0.2119020455
198,0.2123802612
199,0.2127776195
200,0.2130913622
201,0.2133197082
202,0.2134618627
203,0.2135180049
204,0.2033392578
205,0.2032276388
206,0.2030359937
207,0.2027679150
208,0.2024276468
209,0.2020199791
210,0.2015501319
211,0.2010236349
212,0.2004462024
213,0.1998236085
214,0.1991615640
215,0.1984655988
216,0.1977409512
217,0.1969924679
218,0.1962245161
219,0.1954409095
220,0.1946448509
221,0.1938388909
222,0.1930249058
223,0.1922040931
224,0.1913769868
225,0.1905434896
226,0.1897029242
227,0.1888541003
228,0.1879953967
229,0.1871248572
230,0.1862402969
231,0.1853394177
232,0.1844199301
233,0.1733296778
234,0.1723667634
235,0.1713796719
236,0.1703673884
237,0.1693295082
238,0.1682663369
239,0.1671789765
240,0.1660693966
241,0.1649404893
242,0.1637961041
243,0.1626410643
244,0.1614811615
245,0.1603231305
246,0.1591746018
247,0.1580440350
248,0.1569406319
249,0.1558742313
250,0.1548551880
251,0.1538942370
252,0.1530023451
253,0.1521905541
254,0.1514698167
255,0.1508508288
256,0.1503438620
257,0.1499585982
258,0.1497039697
259,0.1495880094
260,0.1496177114
261,0.1497989071
262,0.1399861573
263,0.1404826638
264,0.1411402019
265,0.1419590746
266,0.1429380905
267,0.1440745648
268,0.1453643445
269,0.1468018568
270,0.1483801805
271,0.1500911378
272,0.1519254077
273,0.1538726547
274,0.1559216754
275,0.1580605560
276,0.1602768406
277,0.1625577066
278,0.1648901426
279,0.1672611286
280,0.1696578115
281,0.1720676762
282,0.1744787069
283,0.1768795368
284,0.1792595834
285,0.1816091672
286,0.1839196115
287,0.1861833217
288,0.1883938437
289,0.1905458993
290,0.1926353995
291,0.1845094348
292,0.1864662441
293,0.1883551618
294,0.1901765463
295,0.1919316896
296,0.1936227118
297,0.1952524422
298,0.1968242891
299,0.1983421020
300,0.1998100295
301,0.2012323738
302,0.2026134476
303,0.2039574347
304,0.2052682571
305,0.2065494526
306,0.2078040638
307,0.2090345420
308,0.2102426673
309,0.2114294862
310,0.2125952686
311,0.2137394845
312,0.2148608000
313,0.2159570946
314,0.2170254969
315,0.2180624390
316,0.2190637288
317,0.2200246370
318,0.2209399984
319,0.2218043238
320,0.2124619215
321,0.2132070244
322,0.2138839207
323,0.2144870849
324,0.2150113066
325,0.2154518141
326,0.2158043900
327,0.2160654768
328,0.2162322692
329,0.2163027922
330,0.2162759628
331,0.2161516337
332,0.2159306183
333,0.2156146969
334,0.2152066026
335,0.2147099887
336,0.2141293771
337,0.2134700898
338,0.2127381632
339,0.2119402495
340,0.2110835047
341,0.2101754671
342,0.2092239290
343,0.2082368025
344,0.2072219850
345,0.2061872243
346,0.2051399886
347,0.2040873429
348,0.2030358341
349,0.1918413886
350,0.1908092237
351,0.1897937743
352,0.1887986377
353,0.1878265367
354,0.1868793025
355,0.1859578771
356,0.1850623363
357,0.1841919315
358,0.1833451509
359,0.1825197976
360,0.1817130843
361,0.1809217415
362,0.1801421370
363,0.1793704059
364,0.1786025856
365,0.1778347560
366,0.1770631785
367,0.1762844347
368,0.1754955584
369,0.1746941600
370,0.1738785395
371,0.1730477872
372,0.1722018673
373,0.1713416846
374,0.1704691319
375,0.1695871164
376,0.1686995652
377,0.1678114088
378,0.1567785424
379,0.1559077668
380,0.1550567077
381,0.1542337173
382,0.1534477570
383,0.1527082657
384,0.1520250150
385,0.1514079539
386,0.1508670461
387,0.1504121027
388,0.1500526145
389,0.1497975847
390,0.1496553685
391,0.1496335196
392,0.1497386479
393,0.1499762925
394,0.1503508088
395,0.1508652764
396,0.1515214260
397,0.1523195886
398,0.1532586675
399,0.1543361343
400,0.1555480475
401,0.1568890958
402,0.1583526628
403,0.1599309140
404,0.1616149035
405,0.1633946980
406,0.1652595176
407,0.1570478890
408,0.1590478086
409,0.1610969139
410,0.1631826579
411,0.1652924854
412,0.1674140066
413,0.1695351650
414,0.1716443976
415,0.1737307836
416,0.1757841785
417,0.1777953339
418,0.1797559970
419,0.1816589922
420,0.1834982803
421,0.1852689976
422,0.1869674711
423,0.1885912132
424,0.1901388939
425,0.1916102932
426,0.1930062335
427,0.1943284950
428,0.1955797154
429,0.1967632764
430,0.1978831794
431,0.1989439140
432,0.1999503201
433,0.2009074498
434,0.2018204282
435,0.2026943196
436,0.1933839995
437,0.1941940359
438,0.1949785820
439,0.1957412835
440,0.1964851999
441,0.1972127448
442,0.1979256423
443,0.1986249036
444,0.1993108223
445,0.1999829882
446,0.2006403201
447,0.2012811157
448,0.2019031179
449,0.2025035949
450,0.2030794340
451,0.2036272441
452,0.2041434674
453,0.2046244952
454,0.2050667869
455,0.2054669878
456,0.2058220446
457,0.2061293142
458,0.2063866648
459,0.2065925655
460,0.2067461629
461,0.2068473436
462,0.2068967790
463,0.2068959530
464,0.2068471713
465,0.1966035512
466,0.1964689929
467,0.1962981315
468,0.1960962721
469,0.1958693073
470,0.1956236203
471,0.1953659744
472,0.1951033916
473,0.1948430228
474,0.1945920118
475,0.1943573564
476,0.1941457691
477,0.1939635406
478,0.1938164090
479,0.1937094372
480,0.1936469012
481,0.1936321923
482,0.1936677349
483,0.1937549217
484,0.1938940679
485,0.1940843867
486,0.1943239845
487,0.1946098790
488,0.1949380373
489,0.1953034363
490,0.1957001419
491,0.1961214076
492,0.1965597895
493,0.1970072767
494,0.1873054336
495,0.1877455522
496,0.1881688118
497,0.1885664419
498,0.1889298867
499,0.1892509666
500,0.1895220351
501,0.1897361264
502,0.1898870923
503,0.1899697249
504,0.1899798631
505,0.1899144799
506,0.1897717508
507,0.1895510992
508,0.1892532200
509,0.1888800799
510,0.1884348952
511,0.1879220855
512,0.1873472069
513,0.1867168637
514,0.1860386013
515,0.1853207822
516,0.1845724468
517,0.1838031630
518,0.1830228657
519,0.1822416911
520,0.1814698067
521,0.1807172431
522,0.1799937277
523,0.1691585256
524,0.1685202901
525,0.1679369252
526,0.1674154628
527,0.1669619571
528,0.1665813985
529,0.1662776466
530,0.1660533867
531,0.1659101069
532,0.1658480988
533,0.1658664805
534,0.1659632405
535,0.1661353039
536,0.1663786162
537,0.1666882454
538,0.1670584995
539,0.1674830565
540,0.1679551045
541,0.1684674891
542,0.1690128658
543,0.1695838522
544,0.1701731798
545,0.1707738400
546,0.1713792228
547,0.1719832453
548,0.1725804663
549,0.1731661871
550,0.1737365341
551,0.1742885240
552,0.1646701084
553,0.1651801985
554,0.1656686694
555,0.1661363431
556,0.1665849524
557,0.1670170855
558,0.1674361124
559,0.1678460960
560,0.1682516892
561,0.1686580199
562,0.1690705676
563,0.1694950327
564,0.1699372030
565,0.1704028192
566,0.1708974425
567,0.1714263271
568,0.1719943009
569,0.1726056554
570,0.1732640496
571,0.1739724265
572,0.1747329477
573,0.1755469440
574,0.1764148855
575,0.1773363705
576,0.1783101334
577,0.1793340715
578,0.1804052911
579,0.1815201694
580,0.1826744330
581,0.1737132509
582,0.1749313382
583,0.1761730709
584,0.1774326065
585,0.1787040104
586,0.1799813823
587,0.1812589830
588,0.1825313563
589,0.1837934441
590,0.1850406927
591,0.1862691469
592,0.1874755305
593,0.1886573110
594,0.1898127468
595,0.1909409162
596,0.1920417272
597,0.1931159074
598,0.1941649744
599,0.1951911877
600,0.1961974815
601,0.1971873810
602,0.1981649036
603,0.1991344464
604,0.2001006630
605,0.2010683313
606,0.2020422161
607,0.2030269283
608,0.2040267849
609,0.2050456710
610,0.1959369085
611,0.1970031341
612,0.1980961878
613,0.1992170165
614,0.2003655932
615,0.2015408552
616,0.2027406615
617,0.2039617718
618,0.2051998464
619,0.2064494699
620,0.2077041949
621,0.2089566093
622,0.2101984227
623,0.2114205726
624,0.2126133484
625,0.2137665299
626,0.2148695398
627,0.2159116052
628,0.2168819274
629,0.2177698553
630,0.2185650602
631,0.2192577081
632,0.2198386265
633,0.2202994635
634,0.2206328342
635,0.2208324542
636,0.2208932551
637,0.2208114822
638,0.2205847709
639,0.2100622012
640,0.2095443286
641,0.2088831920
642,0.2080822968
643,0.2071465752
644,0.2060823233
645,0.2048971164
646,0.2035997047
647,0.2021998904
648,0.2007083894
649,0.1991366797
650,0.1974968394
651,0.1958013771
652,0.1940630585
653,0.1922947317
654,0.1905091544
655,0.1887188268
656,0.1869358324
657,0.1851716901
658,0.1834372194
659,0.1817424221
660,0.1800963818
661,0.1785071822
662,0.1769818464
663,0.1755262978
664,0.1741453424
665,0.1728426726
666,0.1716208921
667,0.1704815611
668,0.1592752601
669,0.1583016704
670,0.1574096704
671,0.1565974436
672,0.1558625975
673,0.1552022894
674,0.1546133567
675,0.1540924492
676,0.1536361598
677,0.1532411506
678,0.1529042728
679,0.1526226767
680,0.1523939096
681,0.1522160000
682,0.1520875263
683,0.1520076681
684,0.1519762392
685,0.1519937023
686,0.1520611647
687,0.1521803548
688,0.1523535810
689,0.1525836731
690,0.1528739082
691,0.1532279226
692,0.1536496116
693,0.1541430195
694,0.1547122228
695,0.1553612086
696,0.1560937514
697,0.1467632911
698,0.1476728143
699,0.1486747429
700,0.1497708319
701,0.1509620778
702,0.1522486421
703,0.1536297895
704,0.1551038436
705,0.1566681609
706,0.1583191240
707,0.1600521545
708,0.1618617452
709,0.1637415116
710,0.1656842616
711,0.1676820823
712,0.1697264426
713,0.1718083082
714,0.1739182699
715,0.1760466784
716,0.1781837873
717,0.1803198981
718,0.1824455063
719,0.1845514444
720,0.1866290204
721,0.1886701469
722,0.1906674604
723,0.1926144263
724,0.1945054289
725,0.1963358440
726,0.1879520917
727,0.1896516704
728,0.1912831683
729,0.1928462547
730,0.1943416497
731,0.1957710729
732,0.1971371732
733,0.1984434391
734,0.1996940929
735,0.2008939701
736,0.2020483869
737,0.2031629971
738,0.2042436432
739,0.2052962030
740,0.2063264359
741,0.2073398312
742,0.2083414620
743,0.2093358475
744,0.2103268264
745,0.2113174448
746,0.2123098589
747,0.2133052575
748,0.2143038037
749,0.2153045973
750,0.2163056605
751,0.2173039452
752,0.2182953631
753,0.2192748379
754,0.2202363788
755,0.2110231740
756,0.2119277018
757,0.2127918588
758,0.2136071010
759,0.2143645967
760,0.2150553869
761,0.2156705516
762,0.2162013776
763,0.2166395252
764,0.2169771909
765,0.2172072622
766,0.2173234618
767,0.2173204793
768,0.2171940866
769,0.2169412356
770,0.2165601359
771,0.2160503119
772,0.2154126365
773,0.2146493433
774,0.2137640140
775,0.2127615445
776,0.2116480878
777,0.2104309763
778,0.2091186240
779,0.2077204123
780,0.2062465586
781,0.2047079735
782,0.2031161072
783,0.2014827884
784,0.1896700594
785,0.1879900101
786,0.1863046135
787,0.1846255666
788,0.1829641394
789,0.1813310343
790,0.1797362582
791,0.1781890111
792,0.1766975909
793,0.1752693175
794,0.1739104766
795,0.1726262844
796,0.1714208729
797,0.1702972959
798,0.1692575559
799,0.1683026494
800,0.1674326307
801,0.1666466919
802,0.1659432569
803,0.1653200872
804,0.1647743975
805,0.1643029779
806,0.1639023198
807,0.1635687430
808,0.1632985211
809,0.1630880021
810,0.1629337221
811,0.1628325089
812,0.1627815738
813,0.1526285899
814,0.1526717537
815,0.1527598313
816,0.1528921853
817,0.1530687848
818,0.1532901953
819,0.1535575525
820,0.1538725166
821,0.1542372117
822,0.1546541496
823,0.1551261408
824,0.1556561942
825,0.1562474085
826,0.1569028570
827,0.1576254690
828,0.1584179110
829,0.1592824694
830,0.1602209386
831,0.1612345161
832,0.1623237081
833,0.1634882479
834,0.1647270283
835,0.1660380503
836,0.1674183904
837,0.1688641862
838,0.1703706418
839,0.1719320527
840,0.1735418519
841,0.1751926730
842,0.1667264340
843,0.1684344362
844,0.1701574792
845,0.1718859889
846,0.1736101560
847,0.1753200837
848,0.1770059392
849,0.1786581093
850,0.1802673545
851,0.1818249598
852,0.1833228790
853,0.1847538698
854,0.1861116157
855,0.1873908348
856,0.1885873701
857,0.1896982617
858,0.1907217988
859,0.1916575492
860,0.1925063673
861,0.1932703785
862,0.1939529417
863,0.1945585889
864,0.1950929447
865,0.1955626249
866,0.1959751180
867,0.1963386506
868,0.1966620389
869,0.1969545308
870,0.1972256388
871,0.1873349689
872,0.1875920485
873,0.1878561552
874,0.1881361511
875,0.1884403246
876,0.1887762440
877,0.1891506237
878,0.1895692079
879,0.1900366712
880,0.1905565405
881,0.1911311379
882,0.1917615462
883,0.1924475978
884,0.1931878863
885,0.1939798017
886,0.1948195868
887,0.1957024158
888,0.1966224907
889,0.1975731565
890,0.1985470304
891,0.1995361439
892,0.2005320950
893,0.2015262059
894,0.2025096859
895,0.2034737930
896,0.2044099944
897,0.2053101200
898,0.2061665080
899,0.2069721387
900,0.1975707541
901,0.1982569622
902,0.1988763219
903,0.1994254099
904,0.1999018659
905,0.2003044166
906,0.2006328788
907,0.2008881404
908,0.2010721208
909,0.2011877120
910,0.2012387011
911,0.2012296759
912,0.2011659168
913,0.2010532763
914,0.2008980489
915,0.2007068348
916,0.2004863995
917,0.2002435326
918,0.1999849093
919,0.1997169559
920,0.1994457243
921,0.1991767758
922,0.1989150784
923,0.1986649185
924,0.1984298288
925,0.1982125349
926,0.1980149199
927,0.1978380089
928,0.1976819731
929,0.1873961533
930,0.1872791017
931,0.1871786420
932,0.1870919454
933,0.1870156210
934,0.1869458190
935,0.1868783432
936,0.1868087721
937,0.1867325842
938,0.1866452852
939,0.1865425348
940,0.1864202699
941,0.1862748212
942,0.1861030212
943,0.1859023004
944,0.1856707707
945,0.1854072927
946,0.1851115266
947,0.1847839647
948,0.1844259453
949,0.1840396470
950,0.1836280640
951,0.1831949623
952,0.1827448183
953,0.1822827401
954,0.1818143742
955,0.1813457988
956,0.1808834055
957,0.1804337734
958,0.1698535366
959,0.1694492490
960,0.1690772483
961,0.1687435237
962,0.1684535879
963,0.1682123588
964,0.1680240507
965,0.1678920801
966,0.1678189863
967,0.1678063696
968,0.1678548480
969,0.1679640343
970,0.1681325333
971,0.1683579604
972,0.1686369807
973,0.1689653685
974,0.1693380855
975,0.1697493774
976,0.1701928862
977,0.1706617767
978,0.1711488743
979,0.1716468117
980,0.1721481814
981,0.1726456920
982,0.1731323234
983,0.1736014794
984,0.1740471338
985,0.1744639678
986,0.1748474944
987,0.1650441691
988,0.1653514833
989,0.1656180387
990,0.1658436014
991,0.1660291340
992,0.1661768051
993,0.1662899761
994,0.1663731645
995,0.1664319855
996,0.1664730714
997,0.1665039715
998,0.1665330331
999,0.1665692668
1000,0.1666221976
1001,0.1667017048
1002,0.1668178548
1003,0.1669807271
1004,0.1672002398
1005,0.1674859764
1006,0.1678470160
1007,0.1682917729
1008,0.1688278452
1009,0.1694618783
1010,0.1701994431
1011,0.1710449335
1012,0.1720014830
1013,0.1730709029
1014,0.1742536438
1015,0.1755487792
1016,0.1668040131
1017,0.1683157102
1018,0.1699289489
1019,0.1716375950
1020,0.1734343953
1021,0.1753110889
1022,0.1772585343
1023,0.1792668489
1024,0.1813255592
1025,0.1834237586
1026,0.1855502685
1027,0.1876938020
1028,0.1898431245
1029,0.1919872102
1030,0.1941153904
1031,0.1962174916
1032,0.1982839604
1033,0.2003059737
1034,0.2022755310
1035,0.2041855297
1036,0.2060298193
1037,0.2078032365
1038,0.2095016191
1039,0.2111218002
1040,0.2126615819
1041,0.2141196909
1042,0.2154957163
1043,0.2167900319
1044,0.2180037049
1045,0.2089883931
1046,0.2100462330
1047,0.2110297228
1048,0.2119416006
1049,0.2127847232
1050,0.2135619466
1051,0.2142760116
1052,0.2149294375
1053,0.2155244251
1054,0.2160627730
1055,0.2165458068
1056,0.2169743257
1057,0.2173485645
1058,0.2176681748
1059,0.2179322239
1060,0.2181392118
1061,0.2182871070
1062,0.2183733994
1063,0.2183951681
1064,0.2183491660
1065,0.2182319146
1066,0.2180398116
1067,0.2177692455
1068,0.2174167159
1069,0.2169789571
1070,0.2164530617
1071,0.2158366013
1072,0.2151277420
1073,0.2143253510
1074,0.2032790936
1075,0.2022895162
1076,0.2012081139
1077,0.2000373825
1078,0.1987808502
1079,0.1974430915
1080,0.1960297202
1081,0.1945473617
1082,0.1930036058
1083,0.1914069395
1084,0.1897666608
1085,0.1880927762
1086,0.1863958812
1087,0.1846870293
1088,0.1829775883
1089,0.1812790888
1090,0.1796030675
1091,0.1779609074
1092,0.1763636785
1093,0.1748219820
1094,0.1733458009
1095,0.1719443603
1096,0.1706259989
1097,0.1693980567
1098,0.1682667776
1099,0.1672372324
1100,0.1663132612
1101,0.1654974379
1102,0.1647910564
1103,0.1540441397
1104,0.1535554720
1105,0.1531726516
1106,0.1528921655
1107,0.1527094838
1108,0.1526191708
1109,0.1526150132
1110,0.1526901600
1111,0.1528372738
1112,0.1530486896
1113,0.1533165778
1114,0.1536331084
1115,0.1539906142
1116,0.1543817481
1117,0.1547996325
1118,0.1552379984
1119,0.1556913103
1120,0.1561548749
1121,0.1566249322
1122,0.1570987265
1123,0.1575745559
1124,0.1580518003
1125,0.1585309256
1126,0.1590134668
1127,0.1595019868
1128,0.1600000158
1129,0.1605119688
1130,0.1610430452
1131,0.1615991123
1132,0.1520365732
1133,0.1526622247
1134,0.1533331055
1135,0.1540563383
1136,0.1548389702
1137,0.1556878128
1138,0.1566092861
1139,0.1576092693
1140,0.1586929608
1141,0.1598647507
1142,0.1611281083
1143,0.1624854857
1144,0.1639382409
1145,0.1654865813
1146,0.1671295271
1147,0.1688648980
1148,0.1706893213
1149,0.1725982615
1150,0.1745860714
1151,0.1766460631
1152,0.1787705975
1153,0.1809511901
1154,0.1831786318
1155,0.1854431215
1156,0.1877344080
1157,0.1900419385
1158,0.1923550110
1159,0.1946629269
1160,0.1969551413
1161,0.1890714083
1162,0.1913019181
1163,0.1934874231
1164,0.1956193519
1165,0.1976899072
1166,0.1996921477
1167,0.2016200513
1168,0.2034685594
1169,0.2052336014
1170,0.2069120995
1171,0.2085019530
1172,0.2100020047
1173,0.2114119890
1174,0.2127324625
1175,0.2139647216
1176,0.2151107057
1177,0.2161728912
1178,0.2171541770
1179,0.2180577655
1180,0.2188870400
1181,0.2196454441
1182,0.2203363632
1183,0.2209630121
1184,0.2215283316
1185,0.2220348952
1186,0.2224848295
1187,0.2228797489
1188,0.2232207071
1189,0.2235081653
1190,0.2135919794
1191,0.2137714057
1192,0.2138951242
1193,0.2139612813
1194,0.2139675487
1195,0.2139111982
1196,0.2137891918
1197,0.2135982826
1198,0.2133351273
1199,0.2129964056
1200,0.2125789445
